{
  "best_val_auc": 0.6222178060413355,
  "test_loss": 0.6883476310306125,
  "threshold_selection": {
    "selected_threshold": 0.5099999999999999,
    "criterion": "max_balanced_accuracy_then_f1_on_validation",
    "calibrate_threshold": true
  },
  "val_metrics_threshold_0_5": {
    "auc": 0.6222178060413355,
    "pr_auc": 0.630785263793302,
    "accuracy": 0.5563380281690141,
    "balanced_accuracy": 0.5653815580286169,
    "precision": 0.5247524752475248,
    "recall": 0.7794117647058824,
    "specificity": 0.35135135135135137,
    "f1": 0.6272189349112426,
    "tn": 26.0,
    "fp": 48.0,
    "fn": 15.0,
    "tp": 53.0
  },
  "val_metrics_selected_threshold": {
    "auc": 0.6222178060413355,
    "pr_auc": 0.630785263793302,
    "accuracy": 0.5774647887323944,
    "balanced_accuracy": 0.568362480127186,
    "precision": 0.6,
    "recall": 0.35294117647058826,
    "specificity": 0.7837837837837838,
    "f1": 0.4444444444444444,
    "tn": 58.0,
    "fp": 16.0,
    "fn": 44.0,
    "tp": 24.0
  },
  "test_metrics_threshold_0_5": {
    "auc": 0.5882936507936508,
    "pr_auc": 0.6641341416199597,
    "accuracy": 0.5111111111111111,
    "balanced_accuracy": 0.48809523809523814,
    "precision": 0.5263157894736842,
    "recall": 0.8333333333333334,
    "specificity": 0.14285714285714285,
    "f1": 0.6451612903225806,
    "tn": 6.0,
    "fp": 36.0,
    "fn": 8.0,
    "tp": 40.0
  },
  "test_metrics": {
    "auc": 0.5882936507936508,
    "pr_auc": 0.6641341416199597,
    "accuracy": 0.5555555555555556,
    "balanced_accuracy": 0.5699404761904762,
    "precision": 0.6538461538461539,
    "recall": 0.3541666666666667,
    "specificity": 0.7857142857142857,
    "f1": 0.4594594594594595,
    "tn": 33.0,
    "fp": 9.0,
    "fn": 31.0,
    "tp": 17.0
  },
  "test_auc_by_site": {
    "OLIN": 0.6175438596491228,
    "PITT": 0.5568326947637292
  }
}