{
  "best_val_auc": 0.5711446740858506,
  "test_loss": 0.695565566751692,
  "threshold_selection": {
    "selected_threshold": 0.48999999999999994,
    "criterion": "max_balanced_accuracy_then_f1_on_validation",
    "calibrate_threshold": true
  },
  "val_metrics_threshold_0_5": {
    "auc": 0.5711446740858506,
    "pr_auc": 0.5687764054256259,
    "accuracy": 0.528169014084507,
    "balanced_accuracy": 0.5109300476947536,
    "precision": 0.5384615384615384,
    "recall": 0.10294117647058823,
    "specificity": 0.918918918918919,
    "f1": 0.1728395061728395,
    "tn": 68.0,
    "fp": 6.0,
    "fn": 61.0,
    "tp": 7.0
  },
  "val_metrics_selected_threshold": {
    "auc": 0.5711446740858506,
    "pr_auc": 0.5687764054256259,
    "accuracy": 0.5704225352112676,
    "balanced_accuracy": 0.5586248012718601,
    "precision": 0.6129032258064516,
    "recall": 0.27941176470588236,
    "specificity": 0.8378378378378378,
    "f1": 0.3838383838383838,
    "tn": 62.0,
    "fp": 12.0,
    "fn": 49.0,
    "tp": 19.0
  },
  "test_metrics_threshold_0_5": {
    "auc": 0.5520833333333334,
    "pr_auc": 0.5853931480699203,
    "accuracy": 0.4777777777777778,
    "balanced_accuracy": 0.5089285714285714,
    "precision": 0.6666666666666666,
    "recall": 0.041666666666666664,
    "specificity": 0.9761904761904762,
    "f1": 0.0784313725490196,
    "tn": 41.0,
    "fp": 1.0,
    "fn": 46.0,
    "tp": 2.0
  },
  "test_metrics": {
    "auc": 0.5520833333333334,
    "pr_auc": 0.5853931480699203,
    "accuracy": 0.4777777777777778,
    "balanced_accuracy": 0.5044642857142857,
    "precision": 0.5555555555555556,
    "recall": 0.10416666666666667,
    "specificity": 0.9047619047619048,
    "f1": 0.17543859649122806,
    "tn": 38.0,
    "fp": 4.0,
    "fn": 43.0,
    "tp": 5.0
  },
  "test_auc_by_site": {
    "OLIN": 0.5684210526315789,
    "PITT": 0.5274584929757343
  }
}